{
    "uvs":[],
    "normals":[0.102381,-0.943523,0.31509,0.700224,-0.661699,0.268032,-0.268034,-0.943523,0.194736,-0.268034,-0.943523,-0.194736,0.102381,-0.943523,-0.31509,0.904989,-0.330385,0.268032,0.0247466,-0.330386,0.943521,-0.889697,-0.330385,0.315095,-0.574602,-0.330388,-0.748783,0.534576,-0.330387,-0.777865,0.802609,-0.125627,0.583126,-0.306569,-0.125629,0.943522,-0.992077,-0.125628,5.30078e-09,-0.306569,-0.125629,-0.943522,0.802609,-0.125627,-0.583126,0.408946,0.661699,0.628425,-0.4713,0.661699,0.583122,-0.700224,0.661699,-0.268032,0.0385303,0.661699,-0.748779,0.724042,0.661695,-0.194736,-0.0385303,-0.661699,0.748779,0.187594,-0.794658,0.577345,0.4713,-0.661699,0.583122,0.700224,-0.661699,-0.268032,0.60706,-0.794656,0,0.331305,-0.943524,0,-0.724042,-0.661695,0.194736,-0.491119,-0.794657,0.356821,-0.408946,-0.661698,0.628425,-0.408946,-0.661698,-0.628425,-0.491119,-0.794657,-0.356821,-0.724042,-0.661695,-0.194736,0.4713,-0.661699,-0.583122,0.187594,-0.794658,-0.577345,-0.0385304,-0.661699,-0.748779,0.992077,0.125628,-5.30078e-09,0.982246,-0.187599,0,0.904989,-0.330385,-0.268031,0.306569,0.125629,0.943522,0.303531,-0.187597,0.934171,0.534576,-0.330387,0.777865,-0.802609,0.125627,0.583126,-0.794656,-0.187595,0.577348,-0.574602,-0.330388,0.748784,-0.802609,0.125627,-0.583126,-0.794656,-0.187595,-0.577348,-0.889697,-0.330385,-0.315095,0.306569,0.125629,-0.943522,0.303531,-0.187597,-0.934171,0.0247466,-0.330386,-0.943521,0.574602,0.330388,0.748783,0.794656,0.187595,0.577348,0.889697,0.330385,0.315095,-0.534576,0.330387,0.777865,-0.303531,0.187597,0.934171,-0.0247466,0.330386,0.943521,-0.904989,0.330385,-0.268032,-0.982246,0.187599,-7.91556e-09,-0.904989,0.330385,0.268031,-0.0247466,0.330386,-0.943521,-0.303531,0.187597,-0.934171,-0.534576,0.330387,-0.777865,0.889697,0.330385,-0.315095,0.794656,0.187595,-0.577348,0.574602,0.330388,-0.748784,0.268034,0.943523,0.194737,0.491119,0.794657,0.356821,0.724042,0.661695,0.194736,-0.102381,0.943523,0.31509,-0.187594,0.794658,0.577345,0.0385305,0.661699,0.748779,-0.331304,0.943524,0,-0.60706,0.794656,0,-0.700224,0.661699,0.268032,-0.102381,0.943523,-0.31509,-0.187594,0.794658,-0.577345,-0.4713,0.661699,-0.583122,0.268034,0.943523,-0.194737,0.491119,0.794658,-0.356821,0.408946,0.661698,-0.628425],
    "vertices":[-0.0221388,-0.975228,0.0195902,0.701469,-0.422448,0.545316,-0.298527,-0.422448,0.870239,-0.916565,-0.422444,0.0195902,-0.298527,-0.422448,-0.831059,0.701469,-0.422448,-0.506135,0.254249,0.471992,0.870239,-0.745746,0.471992,0.545316,-0.745746,0.471991,-0.506135,0.254249,0.471992,-0.831059,0.872287,0.471988,0.0195902,-0.0221388,1.02477,0.0195901,0.403184,-0.825882,0.328602,0.24073,-0.500966,0.828602,-0.184594,-0.825882,0.519585,0.403184,-0.825882,-0.289421,0.828509,-0.500964,0.0195902,-0.710328,-0.500964,0.519587,-0.547869,-0.82588,0.0195902,-0.710328,-0.500964,-0.480407,-0.184594,-0.825882,-0.480405,0.24073,-0.500966,-0.789421,0.928919,0.024772,-0.289422,0.928919,0.024772,0.328603,0.565647,0.024772,0.828607,-0.0221388,0.024772,1.01959,-0.609924,0.024772,0.828607,-0.973197,0.024772,0.328603,-0.973197,0.024772,-0.289422,-0.609924,0.024772,-0.789427,-0.0221388,0.0247719,-0.98041,0.565647,0.024772,-0.789427,0.666051,0.550508,0.519587,-0.285008,0.55051,0.828602,-0.872787,0.550508,0.0195902,-0.285008,0.55051,-0.789421,0.666051,0.550508,-0.480407,0.503591,0.875424,0.0195901,0.140317,0.875426,0.519585,-0.447461,0.875426,0.328602,-0.447461,0.875426,-0.289421,0.140317,0.875426,-0.480405],
    "metadata":{
        "uvs":0,
        "faces":80,
        "generator":"io_three",
        "version":3,
        "vertices":42,
        "type":"Geometry",
        "normals":80
    },
    "faces":[32,0,12,14,0,0,0,32,1,12,16,1,1,1,32,0,14,18,2,2,2,32,0,18,20,3,3,3,32,0,20,15,4,4,4,32,1,16,23,5,5,5,32,2,13,25,6,6,6,32,3,17,27,7,7,7,32,4,19,29,8,8,8,32,5,21,31,9,9,9,32,1,23,24,10,10,10,32,2,25,26,11,11,11,32,3,27,28,12,12,12,32,4,29,30,13,13,13,32,5,31,22,14,14,14,32,6,32,38,15,15,15,32,7,33,39,16,16,16,32,8,34,40,17,17,17,32,9,35,41,18,18,18,32,10,36,37,19,19,19,32,14,13,2,20,20,20,32,14,12,13,21,21,21,32,12,1,13,22,22,22,32,16,15,5,23,23,23,32,16,12,15,24,24,24,32,12,0,15,25,25,25,32,18,17,3,26,26,26,32,18,14,17,27,27,27,32,14,2,17,28,28,28,32,20,19,4,29,29,29,32,20,18,19,30,30,30,32,18,3,19,31,31,31,32,15,21,5,32,32,32,32,15,20,21,33,33,33,32,20,4,21,34,34,34,32,23,22,10,35,35,35,32,23,16,22,36,36,36,32,16,5,22,37,37,37,32,25,24,6,38,38,38,32,25,13,24,39,39,39,32,13,1,24,40,40,40,32,27,26,7,41,41,41,32,27,17,26,42,42,42,32,17,2,26,43,43,43,32,29,28,8,44,44,44,32,29,19,28,45,45,45,32,19,3,28,46,46,46,32,31,30,9,47,47,47,32,31,21,30,48,48,48,32,21,4,30,49,49,49,32,24,32,6,50,50,50,32,24,23,32,51,51,51,32,23,10,32,52,52,52,32,26,33,7,53,53,53,32,26,25,33,54,54,54,32,25,6,33,55,55,55,32,28,34,8,56,56,56,32,28,27,34,57,57,57,32,27,7,34,58,58,58,32,30,35,9,59,59,59,32,30,29,35,60,60,60,32,29,8,35,61,61,61,32,22,36,10,62,62,62,32,22,31,36,63,63,63,32,31,9,36,64,64,64,32,38,37,11,65,65,65,32,38,32,37,66,66,66,32,32,10,37,67,67,67,32,39,38,11,68,68,68,32,39,33,38,69,69,69,32,33,6,38,70,70,70,32,40,39,11,71,71,71,32,40,34,39,72,72,72,32,34,7,39,73,73,73,32,41,40,11,74,74,74,32,41,35,40,75,75,75,32,35,8,40,76,76,76,32,37,41,11,77,77,77,32,37,36,41,78,78,78,32,36,9,41,79,79,79]
}